﻿<?xml version="1.0" encoding="UTF-8" standalone="yes"?>
<addon id="repository.migstools" name="repository.migstools" version="1.1.1" provider-name="Anonymous Miguel">
	<extension point=" xbmc.addon.repository" name="Repo Addon MigsTools">
		<info compressed="false">http://raw.github.com/m3g4mInD/repository.migstools/master/addons.xml</info>
		<checksum>http://raw.github.com/m3g4mInD/repository.migstools/master/addons.xml.md5</checksum>
		<datadir zip="true">http://raw.github.com/m3g4mInD/repository.migstools/master/repo/</datadir>
	</extension>
	<extension point="xbmc.addon.metadata">
		<summary>Repo Addon MigsTools</summary>
		<description>Addon Description</description>
		<disclaimer></disclaimer>
		<platform>all</platform>
	</extension>
</addon>