﻿<?xml version="1.0" encoding="UTF-8" standalone="yes"?>
<addon id="migstools.repository" name="migstools.repository" version="1.1.1" provider-name="Anonymous Miguel">
	<extension point="xbmc.addon.repository" name="Repo Addon MigTools">
		<info compressed="false">http://raw.github.com/m3g4mInD/migstools.repository/master/addons.xml</info>
		<checksum>http://raw.github.com/m3g4mInD/migstools.repository/master/addons.xml.md5</checksum>
		<datadir zip="true">http://raw.github.com/m3g4mInD/migstools.repository/master/repo/</datadir>
	</extension>
	<extension point="xbmc.addon.metadata">
		<summary>Repo Addon migstools</summary>
		<description>Addon Description</description>
		<disclaimer></disclaimer>
		<platform>all</platform>
	</extension>
</addon>